domain,method,requests_evaluated,micro_precision,micro_recall,micro_f1,micro_intent_completeness,macro_precision,macro_recall,macro_f1,macro_intent_completeness,total_missing,total_hallucinated,hallucination_rate,critical_recall,performance_range,total_misclassified,total_vague_non_resolvable
healthcare,cot,10,0.47619047619047616,0.6666666666666666,0.5555555555555556,0.6595744680851063,0.4716666666666667,0.6783333333333333,0.5440476190476191,0.6732142857142857,10,22,0.524,0.647,0.214,8,17
healthcare,fewshot,10,0.5882352941176471,0.6666666666666666,0.625,0.6808510638297872,0.6083333333333333,0.7083333333333333,0.6394444444444444,0.7089285714285715,10,14,0.412,0.706,0.214,5,9
healthcare,hybrid,10,0.71875,0.7666666666666667,0.7419354838709677,0.7659574468085106,0.7333333333333333,0.7816666666666666,0.7476984126984128,0.7714285714285715,7,9,0.281,0.765,0.214,7,7
healthcare,zeroshot,10,0.4523809523809524,0.6333333333333333,0.5277777777777778,0.6595744680851063,0.43166666666666664,0.6283333333333333,0.5004978354978356,0.6505952380952381,11,23,0.548,0.706,0.214,9,17
