domain,method,requests_evaluated,micro_precision,micro_recall,micro_f1,micro_intent_completeness,macro_precision,macro_recall,macro_f1,macro_intent_completeness,total_missing,total_hallucinated,hallucination_rate,critical_recall,performance_range,total_misclassified,total_vague_non_resolvable
travel,cot,10,0.3617021276595745,0.4722222222222222,0.40963855421686746,0.4603174603174603,0.35500000000000004,0.5233333333333333,0.40566378066378067,0.5305844155844156,19,30,0.638,0.444,0.355,7,20
travel,fewshot,10,0.6590909090909091,0.8055555555555556,0.7250000000000001,0.8253968253968254,0.6107142857142857,0.7833333333333333,0.6764563214563214,0.8112121212121212,7,15,0.341,0.852,0.355,7,16
travel,hybrid,10,0.5909090909090909,0.7222222222222222,0.65,0.7301587301587301,0.5764285714285714,0.7166666666666667,0.6247802197802198,0.7308874458874459,10,18,0.409,0.741,0.355,5,13
travel,zeroshot,10,0.3333333333333333,0.4166666666666667,0.3703703703703704,0.42857142857142855,0.33166666666666667,0.47000000000000003,0.3648556998556999,0.5022510822510823,21,30,0.667,0.444,0.355,7,15
