{
  "generated_at": "2026-04-22T00:41:52",
  "domain": "travel",
  "methods": [
    {
      "method": "cot",
      "aggregate_metrics": {
        "requests_evaluated": 10,
        "micro_precision": 0.3617021276595745,
        "micro_recall": 0.4722222222222222,
        "micro_f1": 0.40963855421686746,
        "micro_intent_completeness": 0.4603174603174603,
        "macro_precision": 0.35500000000000004,
        "macro_recall": 0.5233333333333333,
        "macro_f1": 0.40566378066378067,
        "macro_intent_completeness": 0.5305844155844156,
        "micro_category_accuracy": 1.0,
        "micro_resolvability_accuracy": 0.5882352941176471,
        "micro_importance_accuracy": 0.9411764705882353,
        "macro_category_accuracy": 0.9,
        "macro_resolvability_accuracy": 0.6,
        "macro_importance_accuracy": 0.85,
        "total_missing": 19,
        "total_hallucinated": 30,
        "total_misclassified": 7,
        "total_vague_non_resolvable": 20,
        "hallucination_rate": 0.638,
        "critical_recall": 0.444,
        "total_critical_matched": 12,
        "total_critical_total": 27,
        "performance_range": 0.355
      }
    },
    {
      "method": "fewshot",
      "aggregate_metrics": {
        "requests_evaluated": 10,
        "micro_precision": 0.6590909090909091,
        "micro_recall": 0.8055555555555556,
        "micro_f1": 0.7250000000000001,
        "micro_intent_completeness": 0.8253968253968254,
        "macro_precision": 0.6107142857142857,
        "macro_recall": 0.7833333333333333,
        "macro_f1": 0.6764563214563214,
        "macro_intent_completeness": 0.8112121212121212,
        "micro_category_accuracy": 0.9310344827586207,
        "micro_resolvability_accuracy": 0.8275862068965517,
        "micro_importance_accuracy": 1.0,
        "macro_category_accuracy": 0.95,
        "macro_resolvability_accuracy": 0.8,
        "macro_importance_accuracy": 1.0,
        "total_missing": 7,
        "total_hallucinated": 15,
        "total_misclassified": 7,
        "total_vague_non_resolvable": 16,
        "hallucination_rate": 0.341,
        "critical_recall": 0.852,
        "total_critical_matched": 23,
        "total_critical_total": 27,
        "performance_range": 0.355
      }
    },
    {
      "method": "hybrid",
      "aggregate_metrics": {
        "requests_evaluated": 10,
        "micro_precision": 0.5909090909090909,
        "micro_recall": 0.7222222222222222,
        "micro_f1": 0.65,
        "micro_intent_completeness": 0.7301587301587301,
        "macro_precision": 0.5764285714285714,
        "macro_recall": 0.7166666666666667,
        "macro_f1": 0.6247802197802198,
        "macro_intent_completeness": 0.7308874458874459,
        "micro_category_accuracy": 0.9615384615384616,
        "micro_resolvability_accuracy": 0.8461538461538461,
        "micro_importance_accuracy": 0.9615384615384616,
        "macro_category_accuracy": 0.9800000000000001,
        "macro_resolvability_accuracy": 0.7966666666666666,
        "macro_importance_accuracy": 0.95,
        "total_missing": 10,
        "total_hallucinated": 18,
        "total_misclassified": 5,
        "total_vague_non_resolvable": 13,
        "hallucination_rate": 0.409,
        "critical_recall": 0.741,
        "total_critical_matched": 20,
        "total_critical_total": 27,
        "performance_range": 0.355
      }
    },
    {
      "method": "zeroshot",
      "aggregate_metrics": {
        "requests_evaluated": 10,
        "micro_precision": 0.3333333333333333,
        "micro_recall": 0.4166666666666667,
        "micro_f1": 0.3703703703703704,
        "micro_intent_completeness": 0.42857142857142855,
        "macro_precision": 0.33166666666666667,
        "macro_recall": 0.47000000000000003,
        "macro_f1": 0.3648556998556999,
        "macro_intent_completeness": 0.5022510822510823,
        "micro_category_accuracy": 1.0,
        "micro_resolvability_accuracy": 0.6,
        "micro_importance_accuracy": 0.8666666666666667,
        "macro_category_accuracy": 0.9,
        "macro_resolvability_accuracy": 0.5,
        "macro_importance_accuracy": 0.8,
        "total_missing": 21,
        "total_hallucinated": 30,
        "total_misclassified": 7,
        "total_vague_non_resolvable": 15,
        "hallucination_rate": 0.667,
        "critical_recall": 0.444,
        "total_critical_matched": 12,
        "total_critical_total": 27,
        "performance_range": 0.355
      }
    }
  ]
}